"course_group","area","n_selected","n_students","proportion"
"Did not take PSTAT 131","Analysis or classification of images",3,5,0.6
"Did not take PSTAT 131","Data acquisition and engineering",2,5,0.4
"Did not take PSTAT 131","Deep learning and neural networks",2,5,0.4
"Did not take PSTAT 131","Natural language processing and analysis of text",3,5,0.6
"Did not take PSTAT 131","Predictive modeling, generally",4,5,0.8
"Did not take PSTAT 131","Statistical models and inference, generally",4,5,0.8
"Took PSTAT 131","Analysis or classification of images",24,44,0.545454545454545
"Took PSTAT 131","Data acquisition and engineering",27,44,0.613636363636364
"Took PSTAT 131","Deep learning and neural networks",37,44,0.840909090909091
"Took PSTAT 131","Natural language processing and analysis of text",22,44,0.5
"Took PSTAT 131","Predictive modeling, generally",39,44,0.886363636363636
"Took PSTAT 131","Statistical models and inference, generally",27,44,0.613636363636364
