response_id,stat.prof,stat.comf,upper_div_courses,courses,pstat_class_count
1001,adv,5.0,9+,"PSTAT 115, PSTAT 120, PSTAT 122, PSTAT 126, PSTAT 127, PSTAT 131, PSTAT 160, CS 9",7
1002,int,5.0,6-8,"PSTAT 120, PSTAT 126, CS 9, LING 110",2
1003,adv,4.0,6-8,"PSTAT 120, PSTAT 122, PSTAT 126, PSTAT 131, PSTAT 160, CS 9",5
1004,adv,5.0,9+,"PSTAT 100, PSTAT 120, PSTAT 122, PSTAT 126, PSTAT 131, PSTAT 160, CS 16",6
1005,adv,5.0,6-8,"PSTAT 120, PSTAT 131, PSTAT 160, CS 5, CS 9",3
1006,adv,4.0,9+,"PSTAT 100, PSTAT 120, PSTAT 122, PSTAT 126, PSTAT 131, PSTAT 134, PSTAT 160",7
1007,int,3.0,9+,"PSTAT 120, PSTAT 122, PSTAT 126, PSTAT 131, PSTAT 160, CS 5, CS 9",5
1008,adv,4.0,9+,"PSTAT 120, PSTAT 122, PSTAT 126, PSTAT 131, PSTAT 160, PSTAT 175, CS 5, CS 9",6
1009,adv,4.0,9+,"PSTAT 100, PSTAT 120, PSTAT 122, PSTAT 126, PSTAT 131, CS 9",5
1010,adv,5.0,9+,"PSTAT 100, PSTAT 115, PSTAT 120, PSTAT 122, PSTAT 126, PSTAT 131, PSTAT 134, PSTAT 160, PSTAT 174, PSTAT 175, CS 9, CS 16",10
1011,int,3.0,3-5,"PSTAT 100, PSTAT 120, PSTAT 122, PSTAT 126, CS 9, CS 16",4
1012,adv,4.0,9+,"PSTAT 115, PSTAT 120, PSTAT 122, PSTAT 126, PSTAT 127, PSTAT 131, PSTAT 160, CS 9",7
1013,adv,4.0,9+,"PSTAT 120, PSTAT 122, PSTAT 126, PSTAT 131, PSTAT 134, PSTAT 160, GEOG 186",6
1014,adv,4.0,6-8,"PSTAT 100, PSTAT 120, PSTAT 126, PSTAT 131, PSTAT 160, CS 9",5
1015,adv,4.0,6-8,"PSTAT 100, PSTAT 120, PSTAT 122, PSTAT 126, PSTAT 131, CS 9",5
1016,adv,5.0,9+,"PSTAT 100, PSTAT 115, PSTAT 120, PSTAT 122, PSTAT 126, PSTAT 131, PSTAT 134, PSTAT 160, PSTAT 174, CS 9",9
1017,adv,5.0,6-8,"PSTAT 100, PSTAT 122, PSTAT 126, PSTAT 131, PSTAT 134, CS 9",5
1020,int,3.0,9+,"PSTAT 126, PSTAT 131, PSTAT 160, PSTAT 174, CS 16",4
1021,adv,5.0,6-8,"PSTAT 120, PSTAT 122, PSTAT 126, PSTAT 131, CS 9",4
1022,adv,5.0,9+,"PSTAT 120, PSTAT 122, PSTAT 126, PSTAT 131, PSTAT 160, CS 9, LING 104, LING 110",5
1023,adv,5.0,9+,"PSTAT 100, PSTAT 120, PSTAT 122, PSTAT 126, PSTAT 131, PSTAT 134, CS 9",6
1024,adv,3.0,9+,"PSTAT 100, PSTAT 115, PSTAT 120, PSTAT 122, PSTAT 126, PSTAT 127, PSTAT 131, PSTAT 160, CS 9",8
1025,adv,4.0,9+,"PSTAT 120, PSTAT 122, PSTAT 126, PSTAT 131, PSTAT 160, CS 9",5
1027,adv,4.0,9+,"PSTAT 120, PSTAT 122, PSTAT 126, PSTAT 131, PSTAT 160, CS 5, CS 9",5
1028,adv,4.0,9+,"PSTAT 100, PSTAT 120, PSTAT 126, PSTAT 131, PSTAT 160, CS 9",5
1029,int,4.0,9+,"PSTAT 120, PSTAT 122, PSTAT 126, PSTAT 131, PSTAT 134, PSTAT 160, PSTAT 174, CS 9",7
1030,adv,4.0,6-8,"PSTAT 100, PSTAT 120, PSTAT 122, PSTAT 126, CS 9",4
1031,adv,4.0,6-8,"PSTAT 100, PSTAT 120, PSTAT 122, PSTAT 126, PSTAT 131, CS 9",5
1032,adv,4.0,6-8,"PSTAT 120, PSTAT 122, PSTAT 126, PSTAT 131, PSTAT 174, CS 16",5
1033,int,3.0,6-8,"PSTAT 100, PSTAT 120, PSTAT 122, PSTAT 126, PSTAT 131, PSTAT 134, PSTAT 175, CS 9, CS 16",7
1034,adv,4.0,9+,"PSTAT 100, PSTAT 120, PSTAT 122, PSTAT 126, PSTAT 131, PSTAT 174, PSTAT 175, CS 9",7
1035,int,3.0,6-8,"PSTAT 100, PSTAT 120, PSTAT 122, PSTAT 126, PSTAT 131, PSTAT 174, CS 9",6
1036,int,3.0,9+,"PSTAT 100, PSTAT 120, PSTAT 122, PSTAT 126, PSTAT 131, PSTAT 160",6
1037,int,4.0,9+,"PSTAT 120, PSTAT 122, PSTAT 126, PSTAT 131, PSTAT 134, PSTAT 160, CS 16",6
1038,int,4.0,3-5,"PSTAT 100, PSTAT 120, PSTAT 122, PSTAT 126, PSTAT 131, PSTAT 160, CS 5, CS 9",6
1039,int,4.0,6-8,"PSTAT 100, PSTAT 120, PSTAT 126, PSTAT 160, PSTAT 175, CS 16",5
1040,int,4.0,9+,"PSTAT 100, PSTAT 120, PSTAT 122, PSTAT 126, PSTAT 127, PSTAT 131, PSTAT 160, CS 9, CS 16",7
1041,adv,5.0,9+,"PSTAT 100, PSTAT 115, PSTAT 120, PSTAT 122, PSTAT 126, PSTAT 127, PSTAT 131, PSTAT 134, PSTAT 160, PSTAT 174, CS 9",10
1042,adv,5.0,6-8,"PSTAT 100, PSTAT 120, PSTAT 122, PSTAT 126, PSTAT 131, CS 9",5
1043,adv,4.0,9+,"PSTAT 100, PSTAT 120, PSTAT 122, PSTAT 126, PSTAT 131, PSTAT 134, PSTAT 160, PSTAT 174, CS 9",8
1044,int,4.0,9+,"PSTAT 120, PSTAT 126, PSTAT 127, PSTAT 160, PSTAT 174, CS 9",5
1045,adv,4.0,9+,"PSTAT 120, PSTAT 122, PSTAT 126, PSTAT 131, PSTAT 160",5
1046,int,4.0,6-8,"PSTAT 100, PSTAT 120, PSTAT 122, PSTAT 126, PSTAT 127, PSTAT 131, PSTAT 160, CS 16",7
1047,int,4.0,9+,"PSTAT 120, PSTAT 122, PSTAT 126, PSTAT 131, PSTAT 134, PSTAT 160, CS 9",6
1048,adv,4.0,9+,"PSTAT 120, PSTAT 122, PSTAT 126, PSTAT 131, CS 9, CS 16, CS 130",4
1049,int,3.0,9+,"PSTAT 120, PSTAT 122, PSTAT 126, PSTAT 131, PSTAT 160, PSTAT 174, CS 9",6
1050,adv,5.0,6-8,"PSTAT 100, PSTAT 120, PSTAT 122, PSTAT 126, PSTAT 131",5
1051,int,5.0,6-8,"PSTAT 100, PSTAT 120, PSTAT 122, PSTAT 126, PSTAT 131, CS 9",5
1052,int,3.0,9+,"PSTAT 115, PSTAT 120, PSTAT 122, PSTAT 126, PSTAT 131, PSTAT 134, PSTAT 160, PSTAT 174, PSTAT 175, CS 9",9
1054,adv,5.0,6-8,"PSTAT 100, PSTAT 120, PSTAT 122, PSTAT 126, PSTAT 131, PSTAT 160, CS 9",6
1055,adv,5.0,6-8,"PSTAT 120, PSTAT 126, PSTAT 131, PSTAT 160, CS 9",4