"response_id","courses","ud_pstat_courses","n_ud_pstat","stat_comfort"
1001,"PSTAT 115, PSTAT 120, PSTAT 122, PSTAT 126, PSTAT 127, PSTAT 131, PSTAT 160, CS 9","PSTAT 115, PSTAT 120, PSTAT 122, PSTAT 126, PSTAT 127, PSTAT 131, PSTAT 160",7,5
1002,"PSTAT 120, PSTAT 126, CS 9, LING 110","PSTAT 120, PSTAT 126",2,5
1003,"PSTAT 120, PSTAT 122, PSTAT 126, PSTAT 131, PSTAT 160, CS 9","PSTAT 120, PSTAT 122, PSTAT 126, PSTAT 131, PSTAT 160",5,4
1004,"PSTAT 100, PSTAT 120, PSTAT 122, PSTAT 126, PSTAT 131, PSTAT 160, CS 16","PSTAT 100, PSTAT 120, PSTAT 122, PSTAT 126, PSTAT 131, PSTAT 160",6,5
1005,"PSTAT 120, PSTAT 131, PSTAT 160, CS 5, CS 9","PSTAT 120, PSTAT 131, PSTAT 160",3,5
1006,"PSTAT 100, PSTAT 120, PSTAT 122, PSTAT 126, PSTAT 131, PSTAT 134, PSTAT 160","PSTAT 100, PSTAT 120, PSTAT 122, PSTAT 126, PSTAT 131, PSTAT 134, PSTAT 160",7,4
1007,"PSTAT 120, PSTAT 122, PSTAT 126, PSTAT 131, PSTAT 160, CS 5, CS 9","PSTAT 120, PSTAT 122, PSTAT 126, PSTAT 131, PSTAT 160",5,3
1008,"PSTAT 120, PSTAT 122, PSTAT 126, PSTAT 131, PSTAT 160, PSTAT 175, CS 5, CS 9","PSTAT 120, PSTAT 122, PSTAT 126, PSTAT 131, PSTAT 160, PSTAT 175",6,4
1009,"PSTAT 100, PSTAT 120, PSTAT 122, PSTAT 126, PSTAT 131, CS 9","PSTAT 100, PSTAT 120, PSTAT 122, PSTAT 126, PSTAT 131",5,4
1010,"PSTAT 100, PSTAT 115, PSTAT 120, PSTAT 122, PSTAT 126, PSTAT 131, PSTAT 134, PSTAT 160, PSTAT 174, PSTAT 175, CS 9, CS 16","PSTAT 100, PSTAT 115, PSTAT 120, PSTAT 122, PSTAT 126, PSTAT 131, PSTAT 134, PSTAT 160, PSTAT 174, PSTAT 175",10,5
1011,"PSTAT 100, PSTAT 120, PSTAT 122, PSTAT 126, CS 9, CS 16","PSTAT 100, PSTAT 120, PSTAT 122, PSTAT 126",4,3
1012,"PSTAT 115, PSTAT 120, PSTAT 122, PSTAT 126, PSTAT 127, PSTAT 131, PSTAT 160, CS 9","PSTAT 115, PSTAT 120, PSTAT 122, PSTAT 126, PSTAT 127, PSTAT 131, PSTAT 160",7,4
1013,"PSTAT 120, PSTAT 122, PSTAT 126, PSTAT 131, PSTAT 134, PSTAT 160, GEOG 186","PSTAT 120, PSTAT 122, PSTAT 126, PSTAT 131, PSTAT 134, PSTAT 160",6,4
1014,"PSTAT 100, PSTAT 120, PSTAT 126, PSTAT 131, PSTAT 160, CS 9","PSTAT 100, PSTAT 120, PSTAT 126, PSTAT 131, PSTAT 160",5,4
1015,"PSTAT 100, PSTAT 120, PSTAT 122, PSTAT 126, PSTAT 131, CS 9","PSTAT 100, PSTAT 120, PSTAT 122, PSTAT 126, PSTAT 131",5,4
1016,"PSTAT 100, PSTAT 115, PSTAT 120, PSTAT 122, PSTAT 126, PSTAT 131, PSTAT 134, PSTAT 160, PSTAT 174, CS 9","PSTAT 100, PSTAT 115, PSTAT 120, PSTAT 122, PSTAT 126, PSTAT 131, PSTAT 134, PSTAT 160, PSTAT 174",9,5
1017,"PSTAT 100, PSTAT 122, PSTAT 126, PSTAT 131, PSTAT 134, CS 9","PSTAT 100, PSTAT 122, PSTAT 126, PSTAT 131, PSTAT 134",5,5
1020,"PSTAT 126, PSTAT 131, PSTAT 160, PSTAT 174, CS 16","PSTAT 126, PSTAT 131, PSTAT 160, PSTAT 174",4,3
1021,"PSTAT 120, PSTAT 122, PSTAT 126, PSTAT 131, CS 9","PSTAT 120, PSTAT 122, PSTAT 126, PSTAT 131",4,5
1022,"PSTAT 120, PSTAT 122, PSTAT 126, PSTAT 131, PSTAT 160, CS 9, LING 104, LING 110","PSTAT 120, PSTAT 122, PSTAT 126, PSTAT 131, PSTAT 160",5,5
1023,"PSTAT 100, PSTAT 120, PSTAT 122, PSTAT 126, PSTAT 131, PSTAT 134, CS 9","PSTAT 100, PSTAT 120, PSTAT 122, PSTAT 126, PSTAT 131, PSTAT 134",6,5
1024,"PSTAT 100, PSTAT 115, PSTAT 120, PSTAT 122, PSTAT 126, PSTAT 127, PSTAT 131, PSTAT 160, CS 9","PSTAT 100, PSTAT 115, PSTAT 120, PSTAT 122, PSTAT 126, PSTAT 127, PSTAT 131, PSTAT 160",8,3
1025,"PSTAT 120, PSTAT 122, PSTAT 126, PSTAT 131, PSTAT 160, CS 9","PSTAT 120, PSTAT 122, PSTAT 126, PSTAT 131, PSTAT 160",5,4
1027,"PSTAT 120, PSTAT 122, PSTAT 126, PSTAT 131, PSTAT 160, CS 5, CS 9","PSTAT 120, PSTAT 122, PSTAT 126, PSTAT 131, PSTAT 160",5,4
1028,"PSTAT 100, PSTAT 120, PSTAT 126, PSTAT 131, PSTAT 160, CS 9","PSTAT 100, PSTAT 120, PSTAT 126, PSTAT 131, PSTAT 160",5,4
1029,"PSTAT 120, PSTAT 122, PSTAT 126, PSTAT 131, PSTAT 134, PSTAT 160, PSTAT 174, CS 9","PSTAT 120, PSTAT 122, PSTAT 126, PSTAT 131, PSTAT 134, PSTAT 160, PSTAT 174",7,4
1030,"PSTAT 100, PSTAT 120, PSTAT 122, PSTAT 126, CS 9","PSTAT 100, PSTAT 120, PSTAT 122, PSTAT 126",4,4
1031,"PSTAT 100, PSTAT 120, PSTAT 122, PSTAT 126, PSTAT 131, CS 9","PSTAT 100, PSTAT 120, PSTAT 122, PSTAT 126, PSTAT 131",5,4
1032,"PSTAT 120, PSTAT 122, PSTAT 126, PSTAT 131, PSTAT 174, CS 16","PSTAT 120, PSTAT 122, PSTAT 126, PSTAT 131, PSTAT 174",5,4
1033,"PSTAT 100, PSTAT 120, PSTAT 122, PSTAT 126, PSTAT 131, PSTAT 134, PSTAT 175, CS 9, CS 16","PSTAT 100, PSTAT 120, PSTAT 122, PSTAT 126, PSTAT 131, PSTAT 134, PSTAT 175",7,3
1034,"PSTAT 100, PSTAT 120, PSTAT 122, PSTAT 126, PSTAT 131, PSTAT 174, PSTAT 175, CS 9","PSTAT 100, PSTAT 120, PSTAT 122, PSTAT 126, PSTAT 131, PSTAT 174, PSTAT 175",7,4
1035,"PSTAT 100, PSTAT 120, PSTAT 122, PSTAT 126, PSTAT 131, PSTAT 174, CS 9","PSTAT 100, PSTAT 120, PSTAT 122, PSTAT 126, PSTAT 131, PSTAT 174",6,3
1036,"PSTAT 100, PSTAT 120, PSTAT 122, PSTAT 126, PSTAT 131, PSTAT 160","PSTAT 100, PSTAT 120, PSTAT 122, PSTAT 126, PSTAT 131, PSTAT 160",6,3
1037,"PSTAT 120, PSTAT 122, PSTAT 126, PSTAT 131, PSTAT 134, PSTAT 160, CS 16","PSTAT 120, PSTAT 122, PSTAT 126, PSTAT 131, PSTAT 134, PSTAT 160",6,4
1038,"PSTAT 100, PSTAT 120, PSTAT 122, PSTAT 126, PSTAT 131, PSTAT 160, CS 5, CS 9","PSTAT 100, PSTAT 120, PSTAT 122, PSTAT 126, PSTAT 131, PSTAT 160",6,4
1039,"PSTAT 100, PSTAT 120, PSTAT 126, PSTAT 160, PSTAT 175, CS 16","PSTAT 100, PSTAT 120, PSTAT 126, PSTAT 160, PSTAT 175",5,4
1040,"PSTAT 100, PSTAT 120, PSTAT 122, PSTAT 126, PSTAT 127, PSTAT 131, PSTAT 160, CS 9, CS 16","PSTAT 100, PSTAT 120, PSTAT 122, PSTAT 126, PSTAT 127, PSTAT 131, PSTAT 160",7,4
1041,"PSTAT 100, PSTAT 115, PSTAT 120, PSTAT 122, PSTAT 126, PSTAT 127, PSTAT 131, PSTAT 134, PSTAT 160, PSTAT 174, CS 9","PSTAT 100, PSTAT 115, PSTAT 120, PSTAT 122, PSTAT 126, PSTAT 127, PSTAT 131, PSTAT 134, PSTAT 160, PSTAT 174",10,5
1042,"PSTAT 100, PSTAT 120, PSTAT 122, PSTAT 126, PSTAT 131, CS 9","PSTAT 100, PSTAT 120, PSTAT 122, PSTAT 126, PSTAT 131",5,5
1043,"PSTAT 100, PSTAT 120, PSTAT 122, PSTAT 126, PSTAT 131, PSTAT 134, PSTAT 160, PSTAT 174, CS 9","PSTAT 100, PSTAT 120, PSTAT 122, PSTAT 126, PSTAT 131, PSTAT 134, PSTAT 160, PSTAT 174",8,4
1044,"PSTAT 120, PSTAT 126, PSTAT 127, PSTAT 160, PSTAT 174, CS 9","PSTAT 120, PSTAT 126, PSTAT 127, PSTAT 160, PSTAT 174",5,4
1045,"PSTAT 120, PSTAT 122, PSTAT 126, PSTAT 131, PSTAT 160","PSTAT 120, PSTAT 122, PSTAT 126, PSTAT 131, PSTAT 160",5,4
1046,"PSTAT 100, PSTAT 120, PSTAT 122, PSTAT 126, PSTAT 127, PSTAT 131, PSTAT 160, CS 16","PSTAT 100, PSTAT 120, PSTAT 122, PSTAT 126, PSTAT 127, PSTAT 131, PSTAT 160",7,4
1047,"PSTAT 120, PSTAT 122, PSTAT 126, PSTAT 131, PSTAT 134, PSTAT 160, CS 9","PSTAT 120, PSTAT 122, PSTAT 126, PSTAT 131, PSTAT 134, PSTAT 160",6,4
1048,"PSTAT 120, PSTAT 122, PSTAT 126, PSTAT 131, CS 9, CS 16, CS 130","PSTAT 120, PSTAT 122, PSTAT 126, PSTAT 131",4,4
1049,"PSTAT 120, PSTAT 122, PSTAT 126, PSTAT 131, PSTAT 160, PSTAT 174, CS 9","PSTAT 120, PSTAT 122, PSTAT 126, PSTAT 131, PSTAT 160, PSTAT 174",6,3
1050,"PSTAT 100, PSTAT 120, PSTAT 122, PSTAT 126, PSTAT 131","PSTAT 100, PSTAT 120, PSTAT 122, PSTAT 126, PSTAT 131",5,5
1051,"PSTAT 100, PSTAT 120, PSTAT 122, PSTAT 126, PSTAT 131, CS 9","PSTAT 100, PSTAT 120, PSTAT 122, PSTAT 126, PSTAT 131",5,5
1052,"PSTAT 115, PSTAT 120, PSTAT 122, PSTAT 126, PSTAT 131, PSTAT 134, PSTAT 160, PSTAT 174, PSTAT 175, CS 9","PSTAT 115, PSTAT 120, PSTAT 122, PSTAT 126, PSTAT 131, PSTAT 134, PSTAT 160, PSTAT 174, PSTAT 175",9,3
1054,"PSTAT 100, PSTAT 120, PSTAT 122, PSTAT 126, PSTAT 131, PSTAT 160, CS 9","PSTAT 100, PSTAT 120, PSTAT 122, PSTAT 126, PSTAT 131, PSTAT 160",6,5
1055,"PSTAT 120, PSTAT 126, PSTAT 131, PSTAT 160, CS 9","PSTAT 120, PSTAT 126, PSTAT 131, PSTAT 160",4,5
