"response_id","prog.prof","prog.comf","math.prof","math.comf","stat.prof","stat.comf","upper_div_courses","courses","domain_specialization","research","type","language","domains","areas"
1001,"int",4,"int",4,"adv",5,"9+","PSTAT 115, PSTAT 120, PSTAT 122, PSTAT 126, PSTAT 127, PSTAT 131, PSTAT 160, CS 9","Yes","No","both","R","Environmental science, Social or political science, Technology","Spatial statistics or time series analysis, Data acquisition and engineering, Data visualization and interactive dashboards, Predictive modeling, generally, Statistical models and inference, generally"
1002,"int",4,"int",3,"int",5,"3-8","PSTAT 120, PSTAT 126, CS 9, LING 110","Yes","Yes","ind","Python","Environmental science, Social or political science, Public health, Technology, Software development, AI","Analysis or classification of images, Spatial statistics or time series analysis, Data acquisition and engineering, Natural language processing and analysis of text, Model deployment and software or web integrations, Predictive modeling, generally, Statistical models and inference, generally, Databases, Algorithms"
1003,"beg",3,"int",3,"adv",4,"3-8","PSTAT 120, PSTAT 122, PSTAT 126, PSTAT 131, PSTAT 160, CS 9","Yes","No","lab","No preference","Environmental science, Social or political science, Ecology, Biology, Public health, Neuroscience, Technology, Software development","Analysis or classification of images, Deep learning and neural networks, Spatial statistics or time series analysis, Data acquisition and engineering, Natural language processing and analysis of text, Model deployment and software or web integrations, Data visualization and interactive dashboards, Predictive modeling, generally, Statistical models and inference, generally, Databases"
1004,"adv",4,"adv",5,"adv",5,"9+","PSTAT 100, PSTAT 120, PSTAT 122, PSTAT 126, PSTAT 131, PSTAT 160, CS 16","No","No","ind","Python","Biology, Neuroscience, Technology, Software development","Deep learning and neural networks, Natural language processing and analysis of text, Data visualization and interactive dashboards, Databases, Algorithms"
1005,"adv",4,"int",4,"adv",5,"3-8","PSTAT 120, PSTAT 131, PSTAT 160, CS 5, CS 9","No","No","both","No preference","Social or political science, Public health, Neuroscience, Technology, Software development","Analysis or classification of images, Deep learning and neural networks, Spatial statistics or time series analysis, Data acquisition and engineering, Natural language processing and analysis of text, Model deployment and software or web integrations, Data visualization and interactive dashboards, Predictive modeling, generally, Statistical models and inference, generally, Databases"
1006,"int",4,"int",2,"adv",4,"9+","PSTAT 100, PSTAT 120, PSTAT 122, PSTAT 126, PSTAT 131, PSTAT 134, PSTAT 160","Yes","No","ind","No preference","Social or political science, Technology, Software development","Deep learning and neural networks, Data acquisition and engineering, Model deployment and software or web integrations, Data visualization and interactive dashboards, Predictive modeling, generally, Databases"
1007,"int",3,"int",3,"int",3,"9+","PSTAT 120, PSTAT 122, PSTAT 126, PSTAT 131, PSTAT 160, CS 5, CS 9","Unsure","Yes","both","No preference","Environmental science, Social or political science, Ecology, Biology, Public health, Neuroscience, Technology, Software development","Analysis or classification of images, Deep learning and neural networks, Spatial statistics or time series analysis, Data acquisition and engineering, Natural language processing and analysis of text, Model deployment and software or web integrations, Data visualization and interactive dashboards, Predictive modeling, generally, Statistical models and inference, generally, Databases, Algorithms"
1008,"int",3,"int",4,"adv",4,"9+","PSTAT 120, PSTAT 122, PSTAT 126, PSTAT 131, PSTAT 160, PSTAT 175, CS 5, CS 9","No","Unsure","ind","Python","Environmental science, Biology, Public health, Neuroscience, Technology, Software development","Analysis or classification of images, Deep learning and neural networks, Data acquisition and engineering, Data visualization and interactive dashboards, Predictive modeling, generally, Statistical models and inference, generally, Databases"
1009,"int",4,"adv",4,"adv",4,"9+","PSTAT 100, PSTAT 120, PSTAT 122, PSTAT 126, PSTAT 131, CS 9","No","Yes","ind","R","Biology, Neuroscience, Technology, Software development","Analysis or classification of images, Deep learning and neural networks, Spatial statistics or time series analysis, Data acquisition and engineering, Natural language processing and analysis of text, Data visualization and interactive dashboards, Predictive modeling, generally, Databases"
1010,"int",4,"int",5,"adv",5,"9+","PSTAT 100, PSTAT 115, PSTAT 120, PSTAT 122, PSTAT 126, PSTAT 131, PSTAT 134, PSTAT 160, PSTAT 174, PSTAT 175, CS 9, CS 16","Unsure","Yes","ind","No preference","Public health, Technology, Software development","Analysis or classification of images, Deep learning and neural networks, Data acquisition and engineering, Data visualization and interactive dashboards, Predictive modeling, generally, Statistical models and inference, generally"
1011,"beg",3,"int",3,"int",3,"3-8","PSTAT 100, PSTAT 120, PSTAT 122, PSTAT 126, CS 9, CS 16","Yes","Unsure","ind","No preference","Biology, Public health, Neuroscience, Technology","Analysis or classification of images, Deep learning and neural networks, Natural language processing and analysis of text, Model deployment and software or web integrations, Data visualization and interactive dashboards, Predictive modeling, generally, Statistical models and inference, generally, Databases, Algorithms"
1012,"int",3,"int",2,"adv",4,"9+","PSTAT 115, PSTAT 120, PSTAT 122, PSTAT 126, PSTAT 127, PSTAT 131, PSTAT 160, CS 9","No","No","both","R","Social or political science, Public health, Technology, Software development","Data acquisition and engineering, Data visualization and interactive dashboards, Predictive modeling, generally, Statistical models and inference, generally, Databases"
1013,"adv",4,"adv",4,"adv",4,"9+","PSTAT 120, PSTAT 122, PSTAT 126, PSTAT 131, PSTAT 134, PSTAT 160, GEOG 186","Yes","Yes","ind","No preference","Environmental science, Social or political science, Ecology, Public health","Spatial statistics or time series analysis, Data acquisition and engineering, Model deployment and software or web integrations, Data visualization and interactive dashboards, Predictive modeling, generally, Statistical models and inference, generally"
1014,"int",3,"adv",4,"adv",4,"3-8","PSTAT 100, PSTAT 120, PSTAT 126, PSTAT 131, PSTAT 160, CS 9","No","Unsure","ind","Python","Social or political science, Technology, Software development, Financial Markets, Quantitative Finance, Economics","Spatial statistics or time series analysis, Data acquisition and engineering, Natural language processing and analysis of text, Data visualization and interactive dashboards, Predictive modeling, generally, Statistical models and inference, generally"
1015,"int",3,"int",4,"adv",4,"3-8","PSTAT 100, PSTAT 120, PSTAT 122, PSTAT 126, PSTAT 131, CS 9","Yes","Yes","ind","Python","Technology","Analysis or classification of images, Deep learning and neural networks, Natural language processing and analysis of text, Model deployment and software or web integrations, Data visualization and interactive dashboards, Predictive modeling, generally, Statistical models and inference, generally, Databases"
1016,"adv",5,"adv",4,"adv",5,"9+","PSTAT 100, PSTAT 115, PSTAT 120, PSTAT 122, PSTAT 126, PSTAT 131, PSTAT 134, PSTAT 160, PSTAT 174, CS 9","No","No","ind","Python","Biology, Neuroscience, Technology, Software development","Deep learning and neural networks, Spatial statistics or time series analysis, Data acquisition and engineering, Natural language processing and analysis of text, Data visualization and interactive dashboards, Predictive modeling, generally, Statistical models and inference, generally, Databases"
1017,"adv",4,"adv",4,"adv",5,"3-8","PSTAT 100, PSTAT 122, PSTAT 126, PSTAT 131, PSTAT 134, CS 9","No","No","ind","Python","Social or political science, Neuroscience, Technology, Software development","Analysis or classification of images, Deep learning and neural networks, Spatial statistics or time series analysis, Data acquisition and engineering, Data visualization and interactive dashboards, Predictive modeling, generally, Statistical models and inference, generally, Databases, Algorithms"
1020,"int",3,"adv",4,"int",3,"9+","PSTAT 126, PSTAT 131, PSTAT 160, PSTAT 174, CS 16","No","No","ind","Python","Environmental science, Social or political science, Technology, Software development","Spatial statistics or time series analysis, Data acquisition and engineering, Data visualization and interactive dashboards, Predictive modeling, generally, Statistical models and inference, generally"
1021,"int",4,"adv",5,"adv",5,"3-8","PSTAT 120, PSTAT 122, PSTAT 126, PSTAT 131, CS 9","No","Yes","ind","Python","Biology, Public health, Neuroscience, Technology, Software development","Analysis or classification of images, Deep learning and neural networks, Natural language processing and analysis of text, Model deployment and software or web integrations, Predictive modeling, generally, Databases, Algorithms"
1022,"int",4,"int",4,"adv",5,"9+","PSTAT 120, PSTAT 122, PSTAT 126, PSTAT 131, PSTAT 160, CS 9, LING 104, LING 110","Yes","No","ind","No preference","Social or political science, Technology, Software development","Analysis or classification of images, Deep learning and neural networks, Natural language processing and analysis of text, Model deployment and software or web integrations, Data visualization and interactive dashboards, Predictive modeling, generally, Statistical models and inference, generally"
1023,"int",5,"int",4,"adv",5,"9+","PSTAT 100, PSTAT 120, PSTAT 122, PSTAT 126, PSTAT 131, PSTAT 134, CS 9","No","No","both","Python","Biology","Deep learning and neural networks, Natural language processing and analysis of text, Data visualization and interactive dashboards, Databases"
1024,"int",3,"adv",2,"adv",3,"9+","PSTAT 100, PSTAT 115, PSTAT 120, PSTAT 122, PSTAT 126, PSTAT 127, PSTAT 131, PSTAT 160, CS 9","No","No","both","Python","Environmental science, Social or political science, Technology","Deep learning and neural networks, Spatial statistics or time series analysis, Predictive modeling, generally"
1025,"int",3,"adv",4,"adv",4,"9+","PSTAT 120, PSTAT 122, PSTAT 126, PSTAT 131, PSTAT 160, CS 9","No","No","lab","R","Environmental science, Social or political science, Technology, Software development","Deep learning and neural networks, Data acquisition and engineering, Data visualization and interactive dashboards, Predictive modeling, generally, Algorithms"
1027,"adv",3,"adv",5,"adv",4,"9+","PSTAT 120, PSTAT 122, PSTAT 126, PSTAT 131, PSTAT 160, CS 5, CS 9","Yes","Yes","lab","R","Biology, Public health, Neuroscience","Analysis or classification of images, Data acquisition and engineering, Data visualization and interactive dashboards, Predictive modeling, generally, Statistical models and inference, generally"
1028,"int",3,"int",4,"adv",4,"9+","PSTAT 100, PSTAT 120, PSTAT 126, PSTAT 131, PSTAT 160, CS 9","No","Yes","ind","Python","Environmental science, Neuroscience, Technology, Software development","Analysis or classification of images, Deep learning and neural networks, Spatial statistics or time series analysis, Data acquisition and engineering, Model deployment and software or web integrations, Predictive modeling, generally, Algorithms"
1029,"adv",5,"int",4,"int",4,"9+","PSTAT 120, PSTAT 122, PSTAT 126, PSTAT 131, PSTAT 134, PSTAT 160, PSTAT 174, CS 9","Yes","Yes","ind","Python","Technology, Software development, Defense","Analysis or classification of images, Deep learning and neural networks, Spatial statistics or time series analysis, Data acquisition and engineering, Model deployment and software or web integrations, Predictive modeling, generally"
1030,"int",3,"adv",5,"adv",4,"3-8","PSTAT 100, PSTAT 120, PSTAT 122, PSTAT 126, CS 9","Yes","No","ind","No preference","Environmental science, Social or political science, Public health, Technology","Model deployment and software or web integrations, Data visualization and interactive dashboards, Predictive modeling, generally, Statistical models and inference, generally, Databases"
1031,"adv",4,"adv",5,"adv",4,"3-8","PSTAT 100, PSTAT 120, PSTAT 122, PSTAT 126, PSTAT 131, CS 9","No","Yes","lab","R","Social or political science, Public health, Neuroscience, Technology","Deep learning and neural networks, Spatial statistics or time series analysis, Natural language processing and analysis of text, Data visualization and interactive dashboards, Predictive modeling, generally, Statistical models and inference, generally, Databases, Algorithms"
1032,"int",3,"int",4,"adv",4,"3-8","PSTAT 120, PSTAT 122, PSTAT 126, PSTAT 131, PSTAT 174, CS 16","Unsure","No","ind","R","Technology, Software development","Deep learning and neural networks, Spatial statistics or time series analysis, Data acquisition and engineering, Model deployment and software or web integrations, Data visualization and interactive dashboards, Predictive modeling, generally, Statistical models and inference, generally, Databases"
1033,"int",4,"int",4,"int",3,"3-8","PSTAT 100, PSTAT 120, PSTAT 122, PSTAT 126, PSTAT 131, PSTAT 134, PSTAT 175, CS 9, CS 16","Unsure","Yes","ind","Python","Environmental science, Biology, Public health, Neuroscience, Technology, Software development","Analysis or classification of images, Deep learning and neural networks, Data acquisition and engineering, Natural language processing and analysis of text, Model deployment and software or web integrations, Data visualization and interactive dashboards, Predictive modeling, generally"
1034,"adv",4,"adv",5,"adv",4,"9+","PSTAT 100, PSTAT 120, PSTAT 122, PSTAT 126, PSTAT 131, PSTAT 174, PSTAT 175, CS 9","No","No","ind","No preference","Environmental science, Biology, Public health, Neuroscience, Technology, Software development","Analysis or classification of images, Deep learning and neural networks, Data acquisition and engineering, Natural language processing and analysis of text, Data visualization and interactive dashboards, Predictive modeling, generally"
1035,"int",3,"int",3,"int",3,"3-8","PSTAT 100, PSTAT 120, PSTAT 122, PSTAT 126, PSTAT 131, PSTAT 174, CS 9","No","Unsure","ind","No preference","Environmental science, Biology, Public health, Neuroscience, Technology","Analysis or classification of images, Deep learning and neural networks, Spatial statistics or time series analysis, Predictive modeling, generally, Statistical models and inference, generally, Algorithms"
1036,"adv",4,"int",3,"int",3,"9+","PSTAT 100, PSTAT 120, PSTAT 122, PSTAT 126, PSTAT 131, PSTAT 160","No","Yes","ind","No preference","Biology, Neuroscience, Technology, Software development","Analysis or classification of images, Deep learning and neural networks, Data acquisition and engineering, Natural language processing and analysis of text, Model deployment and software or web integrations, Data visualization and interactive dashboards, Databases"
1037,"int",4,"adv",5,"int",4,"9+","PSTAT 120, PSTAT 122, PSTAT 126, PSTAT 131, PSTAT 134, PSTAT 160, CS 16","Yes","No","both","Python","Technology, Software development","Deep learning and neural networks, Data acquisition and engineering, Model deployment and software or web integrations, Predictive modeling, generally, Statistical models and inference, generally, Databases, Algorithms"
1039,"int",3,"int",3,"int",4,"3-8","PSTAT 100, PSTAT 120, PSTAT 126, PSTAT 160, PSTAT 175, CS 16","Yes","Yes","both","No preference","Social or political science, Biology, Public health, Neuroscience, Technology, Software development","Analysis or classification of images, Deep learning and neural networks, Spatial statistics or time series analysis, Natural language processing and analysis of text, Model deployment and software or web integrations, Data visualization and interactive dashboards, Predictive modeling, generally, Statistical models and inference, generally"
1040,"int",3,"adv",5,"int",4,"9+","PSTAT 100, PSTAT 120, PSTAT 122, PSTAT 126, PSTAT 127, PSTAT 131, PSTAT 160, CS 9, CS 16","No","No","ind","R","Environmental science, Ecology, Technology, Software development","Analysis or classification of images, Deep learning and neural networks, Spatial statistics or time series analysis, Natural language processing and analysis of text, Predictive modeling, generally, Statistical models and inference, generally"
1041,"adv",5,"int",5,"adv",5,"9+","PSTAT 100, PSTAT 115, PSTAT 120, PSTAT 122, PSTAT 126, PSTAT 127, PSTAT 131, PSTAT 134, PSTAT 160, PSTAT 174, CS 9","Yes","Yes","ind","Python","Biology, Public health, Neuroscience, Technology, Software development","Analysis or classification of images, Deep learning and neural networks, Spatial statistics or time series analysis, Data acquisition and engineering, Natural language processing and analysis of text, Model deployment and software or web integrations, Predictive modeling, generally, Databases, Algorithms"
1042,"adv",5,"adv",4,"adv",5,"3-8","PSTAT 100, PSTAT 120, PSTAT 122, PSTAT 126, PSTAT 131, CS 9","Yes","Yes","both","R","Environmental science, Ecology","Deep learning and neural networks, Spatial statistics or time series analysis, Model deployment and software or web integrations, Data visualization and interactive dashboards, Predictive modeling, generally, Statistical models and inference, generally, Databases, Algorithms"
1043,"int",2,"int",3,"adv",4,"9+","PSTAT 100, PSTAT 120, PSTAT 122, PSTAT 126, PSTAT 131, PSTAT 134, PSTAT 160, PSTAT 174, CS 9","Unsure","No","ind","R","Environmental science, Technology, Sports/Economics/Finance","Data acquisition and engineering, Data visualization and interactive dashboards, Predictive modeling, generally, Statistical models and inference, generally, Databases, Algorithms"
1044,"int",3,"int",4,"int",4,"9+","PSTAT 120, PSTAT 126, PSTAT 127, PSTAT 160, PSTAT 174, CS 9","No","Yes","ind","Python","Biology, Neuroscience, Technology, Music","Spatial statistics or time series analysis, Data acquisition and engineering, Algorithms"
1045,"adv",4,"adv",4,"adv",4,"9+","PSTAT 120, PSTAT 122, PSTAT 126, PSTAT 131, PSTAT 160","Unsure","Yes","both","Python","Environmental science, Public health, Technology, Software development","Analysis or classification of images, Deep learning and neural networks, Spatial statistics or time series analysis, Data acquisition and engineering, Data visualization and interactive dashboards, Predictive modeling, generally, Statistical models and inference, generally, Databases, Algorithms"
1047,"adv",4,"int",4,"int",4,"9+","PSTAT 120, PSTAT 122, PSTAT 126, PSTAT 131, PSTAT 134, PSTAT 160, CS 9","No","Yes","ind","Python","Technology, Software development","Deep learning and neural networks, Natural language processing and analysis of text, Model deployment and software or web integrations, Databases, Algorithms"
1048,"adv",4,"adv",5,"adv",4,"9+","PSTAT 120, PSTAT 122, PSTAT 126, PSTAT 131, CS 9, CS 16, CS 130","No","Yes","lab","Python","Biology, Neuroscience, Technology","Analysis or classification of images, Deep learning and neural networks, Natural language processing and analysis of text, Algorithms"
1049,"beg",3,"int",3,"int",3,"9+","PSTAT 120, PSTAT 122, PSTAT 126, PSTAT 131, PSTAT 160, PSTAT 174, CS 9","No","No","ind","No preference","Environmental science, Social or political science, Biology, Neuroscience, Technology, Software development","Deep learning and neural networks, Model deployment and software or web integrations, Predictive modeling, generally, Statistical models and inference, generally, Databases, Algorithms"
1050,"int",3,"adv",5,"adv",5,"3-8","PSTAT 100, PSTAT 120, PSTAT 122, PSTAT 126, PSTAT 131","Yes","No","ind","Python","Social or political science, Public health, Technology, Software development","Analysis or classification of images, Deep learning and neural networks, Data visualization and interactive dashboards, Predictive modeling, generally, Statistical models and inference, generally, Databases, Algorithms"
1051,"int",5,"int",4,"int",5,"3-8","PSTAT 100, PSTAT 120, PSTAT 122, PSTAT 126, PSTAT 131, CS 9","Yes","Yes","ind","R","Public health, Neuroscience, Technology, Software development","Deep learning and neural networks, Natural language processing and analysis of text, Model deployment and software or web integrations, Data visualization and interactive dashboards, Predictive modeling, generally, Statistical models and inference, generally, Algorithms"
1052,"int",4,"int",4,"int",3,"9+","PSTAT 115, PSTAT 120, PSTAT 122, PSTAT 126, PSTAT 131, PSTAT 134, PSTAT 160, PSTAT 174, PSTAT 175, CS 9","No","Yes","both","No preference","Environmental science, Social or political science, Biology, Public health, Neuroscience, Technology, Software development","Analysis or classification of images, Deep learning and neural networks, Spatial statistics or time series analysis, Natural language processing and analysis of text, Model deployment and software or web integrations, Predictive modeling, generally, Databases, Algorithms"
1054,"int",4,"int",5,"adv",5,"3-8","PSTAT 100, PSTAT 120, PSTAT 122, PSTAT 126, PSTAT 131, PSTAT 160, CS 9","Unsure","No","lab","No preference","Environmental science, Biology, Public health, Neuroscience, Technology","Analysis or classification of images, Deep learning and neural networks, Spatial statistics or time series analysis, Natural language processing and analysis of text, Data visualization and interactive dashboards, Predictive modeling, generally"
1055,"adv",5,"adv",5,"adv",5,"3-8","PSTAT 120, PSTAT 126, PSTAT 131, PSTAT 160, CS 9","Yes","Yes","ind","Python","Social or political science, Biology, Public health, Neuroscience, Technology, Software development","Deep learning and neural networks, Data acquisition and engineering, Model deployment and software or web integrations, Predictive modeling, generally, Statistical models and inference, generally, Databases, Algorithms"
